<?xml version="1.0" encoding="UTF-8"?>
<!DOCTYPE MudletPackage>
<MudletPackage version="1.0">
    <TriggerPackage/>
    <TimerPackage>
        <Timer isActive="yes" isFolder="no" isTempTimer="no" isOffsetTimer="no">
            <name>test</name>
            <script>echo(&quot;Ejecutado timer ひらがな\n&quot;)</script>
            <command>who</command>
            <packageName></packageName>
            <time>00:10:00.000</time>
        </Timer>
    </TimerPackage>
    <AliasPackage>
        <Alias isActive="yes" isFolder="no">
            <name>enableComm</name>
            <script>echo &quot;Activando módulo de comunicaciones...\n&quot;
gmod.enableModule(&quot;local&quot;, &quot;Comm&quot;)
</script>
            <command></command>
            <packageName></packageName>
            <regex>enableComm</regex>
        </Alias>
        <Alias isActive="no" isFolder="no">
            <name>pp</name>
            <script>ansiconv = {
        [&quot;[0;31m&quot;] = {&quot;1&quot;, &quot;orange&quot;},
        [&quot;[0;32m&quot;] = {&quot;2&quot;, &quot;dark_green&quot;},
        [&quot;[0;33m&quot;] = {&quot;3&quot;, &quot;dark_khaki&quot;},
        [&quot;[0;34m&quot;] = {&quot;4&quot;, &quot;royal_blue&quot;},
        [&quot;[0;35m&quot;] = {&quot;5&quot;, &quot;dark_violet&quot;},
        [&quot;[0;36m&quot;] = {&quot;6&quot;, &quot;cadet_blue&quot;},
        [&quot;[0;37m&quot;] = {&quot;7&quot;, &quot;light_grey&quot;},
        [&quot;[0;1;30m&quot;] = {&quot;8&quot;, &quot;grey&quot;},
        [&quot;[0;1;31m&quot;] = {&quot;9&quot;, &quot;orange_red&quot;},
        [&quot;[0;1;32&quot;] = {&quot;10&quot;, &quot;green&quot;},
        [&quot;[0;1;33m&quot;] = {&quot;11&quot;, &quot;yellow&quot;},
        [&quot;[0;1;34m&quot;] = {&quot;12&quot;, &quot;cornflower_blue&quot;},
        [&quot;[0;1;35m&quot;] = {&quot;13&quot;, &quot;magenta&quot;},
        [&quot;[0;1;36m&quot;] = {&quot;14&quot;, &quot;cyan&quot;},
        [&quot;[0;1;37m&quot;] = {&quot;15&quot;, &quot;white&quot;},
}
local tx = [[[0;31mh[0;32mola]]
display(tx)
for ansi, color in pairs(ansiconv)
do
echo(&quot;\\&quot; .. ansi .. &quot; &lt;&quot; .. color[2] .. &quot;&gt;&quot; ..&quot;  &quot;)
	tx = string.gsub(tx, &quot;%&quot; .. ansi, &quot;&lt;&quot; .. color[2] .. &quot;&gt;&quot;)
echo(tx..&quot;\n&quot;)
end
echo(tx..&quot;\n\n&quot;)
--tx = string.gsub(&quot;[0;35m&quot;, &quot;%[0;35m&quot;, &quot;Z&quot;)
echo(tx..&quot;\n&quot;)
echo &quot;FIN\n&quot;

</script>
            <command></command>
            <packageName></packageName>
            <regex>pp</regex>
        </Alias>
        <Alias isActive="no" isFolder="no">
            <name>aa</name>
            <script>showColors(4)</script>
            <command></command>
            <packageName></packageName>
            <regex>^aa</regex>
        </Alias>
        <Alias isActive="yes" isFolder="no">
            <name>disableComm</name>
            <script>echo &quot;Desactivando módulo de comunicaciones...\n&quot;
gmod.disableModule(&quot;local&quot;, &quot;Comm&quot;)</script>
            <command></command>
            <packageName></packageName>
            <regex>disableComm</regex>
        </Alias>
        <Alias isActive="yes" isFolder="no">
            <name>bb</name>
            <script>echo (&quot;[Main] Columns: &quot; .. getColumns(&quot;main&quot;) .. &quot; Rows: &quot; .. getRows(&quot;main&quot;) .. &quot;\n&quot;)
echo (&quot;[chatñminiconsola] Columns: &quot; .. getColumns(&quot;canales.chatñminiconsola&quot;) .. &quot; Rows: &quot; .. getRows(&quot;canales.chatñminiconsola&quot;) .. &quot;\n&quot;)
</script>
            <command></command>
            <packageName></packageName>
            <regex>bb</regex>
        </Alias>
    </AliasPackage>
    <ActionPackage/>
    <ScriptPackage>
        <ScriptGroup isActive="yes" isFolder="yes">
            <name>Main</name>
            <packageName></packageName>
            <script>-------------------------------------------------
--         Put your Lua functions here.        --
--                                             --
-- Note that you can also use external Scripts --
-------------------------------------------------
</script>
            <eventHandlerList/>
            <Script isActive="yes" isFolder="no">
                <name>InstalledPackageEvent</name>
                <packageName></packageName>
                <script>-- Al instalar el paquete, se activarán las suscripciones necesarias.
function InstalledPackageEvent()
	echo(&quot;Realizando suscripciones iniciales...\n&quot;)
	-- Inicia los módulos del jugador como si hubiera orbitado a Eirea.
	HelloEvent()
end</script>
                <eventHandlerList>
                    <string>sysInstallPackageRLMud UI v0.5 for MudletEvent</string>
                </eventHandlerList>
            </Script>
            <Script isActive="yes" isFolder="no">
                <name>UninstalledPackageEvent</name>
                <packageName></packageName>
                <script>-- Al instalar el paquete, se activarán las suscripciones necesarias.
function UninstalledPackageEvent()
	echo(&quot;Desactivando suscripciones...\n&quot;)
	gmod.disableModule(&quot;local&quot;, &quot;Comm&quot;)
end</script>
                <eventHandlerList>
                    <string>sysUninstallPackageRLMud UI v0.5 for MudletEvent</string>
                </eventHandlerList>
            </Script>
            <Script isActive="yes" isFolder="no">
                <name>HelloEvent</name>
                <packageName></packageName>
                <script>-- Este evento se ejecutará cuando el jugador ya ha orbitado a Eirea.
-- Suscribe al jugador en los módulos necesarios.
function HelloEvent()
echo(&quot;Activa\n&quot;)
	-- Reactiva los módulos para los que se haya suscrito el jugador.
	-- Esto es necesario para que si el jugador reconecta al Mud, sin cerrar el cliente 
	-- primero, se reactiven los módulos que tenía activos previamente.
	gmod.reenableModules()

	-- Activa el módulo de comunicaciones. Si ya estuviera, esto no haría nada.
	if(gmod.isRegisteredModule(&quot;Comm&quot;) == false)
	then
		gmod.enableModule(&quot;local&quot;, &quot;Comm&quot;)
	end
end</script>
                <eventHandlerList>
                    <string>gmcp.Core.Hello</string>
                </eventHandlerList>
            </Script>
        </ScriptGroup>
        <ScriptGroup isActive="yes" isFolder="yes">
            <name>Lua</name>
            <packageName></packageName>
            <script>-------------------------------------------------
--         Put your Lua functions here.        --
--                                             --
-- Note that you can also use external Scripts --
-------------------------------------------------
</script>
            <eventHandlerList/>
            <Script isActive="yes" isFolder="no">
                <name>base64</name>
                <packageName></packageName>
                <script>-- Lua 5.1+ base64 v3.0 (c) 2009 by Alex Kloss &lt;alexthkloss@web.de&gt;
-- licensed under the terms of the LGPL2

-- character table string
local b='ABCDEFGHIJKLMNOPQRSTUVWXYZabcdefghijklmnopqrstuvwxyz0123456789+/'

-- encoding
function base64_enc(data)
    return ((data:gsub('.', function(x) 
        local r,b='',x:byte()
        for i=8,1,-1 do r=r..(b%2^i-b%2^(i-1)&gt;0 and '1' or '0') end
        return r;
    end)..'0000'):gsub('%d%d%d?%d?%d?%d?', function(x)
        if (#x &lt; 6) then return '' end
        local c=0
        for i=1,6 do c=c+(x:sub(i,i)=='1' and 2^(6-i) or 0) end
        return b:sub(c+1,c+1)
    end)..({ '', '==', '=' })[#data%3+1])
end

-- Decodifica la cadena.
function base64_dec(data)
    data = string.gsub(data, '[^'..b..'=]', '')
    return (data:gsub('.', function(x)
        if (x == '=') then return '' end
        local r,f='',(b:find(x)-1)
        for i=6,1,-1 do r=r..(f%2^i-f%2^(i-1)&gt;0 and '1' or '0') end
        return r;
    end):gsub('%d%d%d?%d?%d?%d?%d?%d?', function(x)
        if (#x ~= 8) then return '' end
        local c=0
        for i=1,8 do c=c+(x:sub(i,i)=='1' and 2^(8-i) or 0) end

        return string.char(c)
    end))
end</script>
                <eventHandlerList/>
            </Script>
            <Script isActive="yes" isFolder="no">
                <name>Table</name>
                <packageName></packageName>
                <script>-- Devuelve si un elemento está en una tabla.
function buscaEnTabla(tabla, elemento)
	for clave, valor in pairs(tabla) do
		if valor == elemento
		then 
			return clave
		end
    end

	-- No existe.
	return nil
end

-- Devuelve el número de elementos de una tabla.
function cuentaElementos(tabla)
	local elementos = 0
	for valor in pairs(tabla) do 
		elementos = elementos + 1 
	end

	return elementos
end

-- Función para usar en bucles for.
-- Permite realizar el bucle en base al valor de cada elemento, en orden ascendente.
function pairsOrdenadosValor(diccionario)
	local tmp = {}

	-- Prepara una tabla temporal con los valores del diccionario dado.
	for valor in pairs(diccionario)
	do 
		table.insert(tmp, valor)
	end

	-- Ordena la tabla temporal.
	table.sort(tmp)

	
	local i = 0
	local iterador = function ()
							i = i + 1
							if tmp[i] == nil
							then 
								return nil
							else 
								return tmp[i], diccionario[tmp[i]]
	   					  end
	end

	return iterador
end
</script>
                <eventHandlerList/>
            </Script>
        </ScriptGroup>
        <ScriptGroup isActive="yes" isFolder="yes">
            <name>Controles</name>
            <packageName></packageName>
            <script>-- Configuración de la interfaz. Para aplicar correctamente cualquier cambio realizado aquí, reabrir el cliente.
	-- Variables Globales.
WIDTH, HEIGHT = getMainWindowSize()
ROOT = string.gsub(getMudletHomeDir() .. [[/RLMud UI v0.5 for Mudlet/]], [[\]], &quot;/&quot;)

	-- Bordes de la pantalla. Delimitan el tamaño de la consola principal.
BORDE_IZQUIERDO = 215
BORDE_DERECHO   = 400
BORDE_SUPERIOR  = 0
BORDE_INFERIOR  = 0

	-- Margen de separación de cada borde con respecto a la consola principal.
MARGEN_CONSOLA  = 5

	-- Control Ficha (Logo y datos de Ficha del jugador)
	-- 0: No visible.
	-- 1: Visible.
VISIB_FICHA = 1

	-- Control Status (Barras de vida / XP ...)
	-- 0: No visible.
	-- 1: Visible.
VISIB_STATUS = 1

	-- Imagen inferior izquierda de la pantalla.
VISIB_IMG_LEFT = 1

	-- Imagen para el borde derecho de la pantalla.
VISIB_IMG_RIGHT = 1

	-- Panel tabulado con los canales disponibles.
VISIB_CANALES = 1

	-- Posición Actual en la que se insertarán los controles en cada borde.
POSICION_IZQUIERDA = 1
POSICION_DERECHA   = 0
POSICION_SUPERIOR  = 0
POSICION_INFERIOR  = 0

	-- Ajusta los bordes indicados.
setBorderLeft(BORDE_IZQUIERDO + (BORDE_IZQUIERDO &gt; 0 and MARGEN_CONSOLA or 0))
setBorderRight(BORDE_DERECHO + (BORDE_DERECHO &gt; 0 and MARGEN_CONSOLA or 0))
setBorderTop(BORDE_SUPERIOR + (BORDE_SUPERIOR &gt; 0 and MARGEN_CONSOLA or 0))
setBorderBottom(BORDE_INFERIOR + (BORDE_INFERIOR &gt; 0 and MARGEN_CONSOLA or 0))
setWindowWrap( &quot;main&quot;, getColumns() )

	-- Contenedores asociados a cada zona de la pantalla.
		-- Ficha.
FICHA_X      = 0
FICHA_Y      = 0
FICHA_WIDTH  = BORDE_IZQUIERDO
FICHA_HEIGHT = 360

		-- Barras de Estado.
STATUS_X      = 0
STATUS_Y      = 362
STATUS_WIDTH  = BORDE_IZQUIERDO
STATUS_HEIGHT = 96

		-- Imagen en la zona inferior izquierda.
IMG_LEFT_X      = 0
IMG_LEFT_Y      = 460
IMG_LEFT_WIDTH  = BORDE_IZQUIERDO
IMG_LEFT_HEIGHT = HEIGHT - IMG_LEFT_Y

		-- Imagen en el borde derecho de la pantalla.
IMG_RIGHT_X      = -BORDE_DERECHO
IMG_RIGHT_Y      = 302
IMG_RIGHT_WIDTH  = BORDE_DERECHO
IMG_RIGHT_HEIGHT = HEIGHT - IMG_RIGHT_Y

		-- Imagen en el borde derecho de la pantalla.
CANALES_X      = -BORDE_DERECHO
CANALES_Y      = 0
CANALES_WIDTH  = BORDE_DERECHO
CANALES_HEIGHT = 300</script>
            <eventHandlerList/>
            <ScriptGroup isActive="yes" isFolder="yes">
                <name>FichaUI</name>
                <packageName></packageName>
                <script>-------------------------------------------------
--         Put your Lua functions here.        --
--                                             --
-- Note that you can also use external Scripts --
-------------------------------------------------
-- Definición de valores globales.
FICHABORDER    = 2		-- Grosor del borde de la ventana de la ficha del jugador.
FICHAPADDING   = 4		-- Distancia entre el borde del contenedor y el contenido de la ficha.
FICHAMARGIN    = 2   	-- Grosor del margen externo del contenedor (A más grosor, más pequeño el contenedor)

	-- Número de campos contenidos en la ficha.
	-- Los campos en blanco que se añaden para dejar espacios, se cuentan también.
FICHA_NUM_CAMPOS = 10

	-- Altura de los campos contenidos en la ficha.
FICHA_LABEL_HEIGHT = 15

	-- Tamaño de las ventanas del pergamino.
--FICHA_PERGAMINO_WIDTH = FICHA_WIDTH - (FICHAMARGIN + FICHAPADDING + FICHABORDER) * 2	

	-- Logo.
FICHA_LOGO_X = FICHAMARGIN + FICHAPADDING + FICHABORDER
FICHA_LOGO_Y = FICHAMARGIN + FICHAPADDING + FICHABORDER
FICHA_LOGO_WIDTH = FICHA_WIDTH - (FICHAMARGIN + FICHAPADDING + FICHABORDER) * 2
FICHA_LOGO_HEIGHT = 75

	-- Pergamino de datos.
FICHA_PERGAMINO_X = FICHA_LOGO_X
FICHA_PERGAMINO_Y = FICHA_LOGO_Y + FICHA_LOGO_HEIGHT + 2
FICHA_PERGAMINO_WIDTH = FICHA_LOGO_WIDTH
FICHA_PERGAMINO_HEIGHT = FICHA_HEIGHT - FICHA_PERGAMINO_Y - 2 - (FICHAMARGIN + FICHAPADDING + FICHABORDER)

	-- Cabecera del pergamino.
FICHA_PERGAMINO_CABECERA_X = FICHAMARGIN + FICHAPADDING + FICHABORDER
FICHA_PERGAMINO_CABECERA_Y = FICHA_LOGO_Y + FICHA_LOGO_HEIGHT + 2
FICHA_PERGAMINO_CABECERA_HEIGHT = 40

	-- Cuerpo del pergamino.
FICHA_PERGAMINO_CUERPO_X = FICHAMARGIN + FICHAPADDING + FICHABORDER
FICHA_PERGAMINO_CUERPO_Y = FICHA_PERGAMINO_CABECERA_Y + FICHA_PERGAMINO_CABECERA_HEIGHT
FICHA_PERGAMINO_CUERPO_HEIGHT = FICHA_NUM_CAMPOS * FICHA_LABEL_HEIGHT

	-- Pie del pergamino.
FICHA_PERGAMINO_PIE_X = FICHAMARGIN + FICHAPADDING + FICHABORDER
FICHA_PERGAMINO_PIE_Y = FICHA_PERGAMINO_CUERPO_Y + FICHA_PERGAMINO_CUERPO_HEIGHT 
FICHA_PERGAMINO_PIE_HEIGHT = 40

	-- Cuadrante principal de datos dentro del pergamino.
FICHA_PERGAMINO_DATOS_X = 40
FICHA_PERGAMINO_DATOS_Y = 145
FICHA_PERGAMINO_DATOS_WIDTH = FICHA_PERGAMINO_WIDTH - 70
FICHA_PERGAMINO_DATOS_HEIGHT = FICHA_PERGAMINO_CUERPO_HEIGHT

	-- Alto total de la sección de ficha.
--FICHA_HEIGHT = PERGAMINO_HEIGHT + FICHA_LOGO_HEIGHT + 90

-- Funciones.
function initFichaUI()
	contenedorFicha = Geyser.Container:new({
		name   = &quot;ContenedorFicha&quot;,
		x      = FICHA_X,
		y      = FICHA_Y,
		width  = FICHA_WIDTH,
		height = FICHA_HEIGHT
	})

	estiloFicha = Geyser.Label:new({
		name   = &quot;estiloFicha&quot;,
		x      = 0,
		y      = 0,
		width  = &quot;100%&quot;,
		height = &quot;100%&quot;
	}, contenedorFicha)
	estiloFicha:setStyleSheet(
		[[
			background: transparent;
			border-width:    ]] .. FICHABORDER .. [[px;
			border-color: white;
			border-style: solid;
			padding:         ]] .. FICHAPADDING .. [[px;
			margin:          ]] .. FICHAMARGIN .. [[px;
			border-radius: 10;
		]])

	-- Configuración de campos de ficha.
		-- Logo.
	logotipo()
		-- Ficha.
	pergamino()
end

-- Función que añade el logotipo del MUD a la Ficha.
function logotipo()
	contenedorLogo = Geyser.Label:new({
		name = &quot;ContenedorLogo&quot;,
		x     = FICHA_LOGO_X,
		y     = FICHA_LOGO_Y,
		width = FICHA_WIDTH - (FICHAMARGIN + FICHAPADDING + FICHABORDER) * 2,
		height = FICHA_LOGO_HEIGHT,
	}, contenedorFicha)
	-- Si quiere añadirse un borde al logo, activar el código siguiente.
--	logocontainer:setStyleSheet([[
--		border-width: 1px;
--		border-style: solid;
--		border-color: black;
--	]])

	logo = Geyser.Label:new({
		name  = &quot;Logo&quot;,
		x     = 1,
		y     = 1,
		width = contenedorLogo:get_width() - 2,
		height = contenedorLogo:get_height() - 2,
	}, contenedorLogo)

	-- Se ajusta la imagen al tamaño adecuado.	
	logo:setStyleSheet([[
		border-image : url(&quot;]] .. ROOT .. [[img/logo.png&quot;);
	]])
end

-- Función que prepara el pergamino con la información de la ficha.
function pergamino()
	-- Cabecera del pergamino.
	local img_pergamino = Geyser.Label:new({
		name   = &quot;Pergamino&quot;,
		x      = FICHA_PERGAMINO_X,
		y      = FICHA_PERGAMINO_Y,
		width  = FICHA_PERGAMINO_WIDTH,
		height = FICHA_PERGAMINO_HEIGHT
	}, contenedorFicha)

	-- Se ajusta la imagen al tamaño adecuado.	
	img_pergamino:setStyleSheet([[
		border-image : url(&quot;]] .. ROOT .. [[img/pergamino.png&quot;);
	]])

	-- Datos de la ficha.
	ficha_nombreLabel = ficha_nombreLabel or etiqueta(ficha_nombreLabel, 1, &quot;FICHA&quot;, nil, true, 0)
	ficha_nivelLabel = ficha_nivelLabel or etiqueta(ficha_nivelLabel, 2, &quot;Nivel&quot;, &quot;...&quot;, false, 0)
	ficha_claseLabel = ficha_claseLabel or etiqueta(ficha_claseLabel, 3, &quot;Clase&quot;, &quot;...&quot;, false, 0)
	ficha_nombreStats = ficha_nombreStats or etiqueta(ficha_nombreStats, 5, &quot;STATS&quot;, nil, true, 0)
	ficha_fueLabel = ficha_fueLabel or etiqueta(ficha_fueLabel, 6, &quot;Fue&quot;, &quot;...&quot;, false, 1)
	ficha_conLabel = ficha_conLabel or etiqueta(ficha_conLabel, 6, &quot;Con&quot;, &quot;...&quot;, false, 2)
	ficha_desLabel = ficha_desLabel or etiqueta(ficha_desLabel, 7, &quot;Des&quot;, &quot;...&quot;, false, 1)
	ficha_intLabel = ficha_intLabel or etiqueta(ficha_intLabel, 7, &quot;Int&quot;, &quot;...&quot;, false, 2)
	ficha_sabLabel = ficha_sabLabel or etiqueta(ficha_sabLabel, 8, &quot;Sab&quot;, &quot;...&quot;, false, 1)
	ficha_carLabel = ficha_carLabel or etiqueta(ficha_carLabel, 8, &quot;Car&quot;, &quot;...&quot;, false, 2)
	ficha_conOrigenLabel = ficha_conOrigenLabel or etiqueta(ficha_conOrigenLabel, 9, &quot;Con.Orig.&quot;, &quot;...&quot;, false, 0)
end

-- Función que crea una nueva etiqueta para la ficha.
function etiqueta(label, num, clave, valor, cabecera, mitad)
	label = label or Geyser.Label:new({
				name = clave,
				x = FICHA_PERGAMINO_DATOS_X + (mitad == 2 and FICHA_PERGAMINO_DATOS_WIDTH / (mitad ~= 0 and 2 or 1) or 0),
				y = FICHA_PERGAMINO_DATOS_Y + FICHA_LABEL_HEIGHT * (num - 1),
				width = FICHA_PERGAMINO_DATOS_WIDTH / (mitad ~= 0 and 2 or 1),
				height = FICHA_LABEL_HEIGHT,
				fgColor = &quot;blue&quot;,
				color = &quot;black&quot;,
			}, img_pergamino)

	-- Se establece el texto de la ventana. Aquí se llamará al recibir actualizaciones
	-- de las variables, así que debe hacerse fuera del new para actualizar los datos.
	label:echo(clave .. (not cabecera and &quot;: &quot; .. valor or &quot;&quot;))

	-- Registro de cabecera. Se añade borde inferior.
	if(cabecera)
	then
		label:setStyleSheet([[
				border-style: solid;
	  			border-right-color: transparent;
	  			border-left-color: transparent;
	  			border-top-color: transparent;
	  			border-bottom-color: black;
				border-width: 1px;
				qproperty-alignment: 'AlignCenter';
			]]
		)
	else
		label:setStyleSheet([[
			border-style: solid;
			border-bottom-color: black;]] ..
			-- Si la etiqueta ocupa la mitad de ancho y es la de la izquierda, se añade borde derecho.
			(mitad == 1 and &quot;border-right-color: white;&quot; or &quot;&quot;) .. [[
			border-right-color: transparent;
	  		border-left-color: transparent;
	  		border-top-color: transparent;
			border-width: 1px;
			qproperty-alignment: 'AlignLeft';
		]])
	end
	
	return label
end

	-- Se indica que debe mostrarse el control.
	-- Si no se debe ver, y está en pantalla, se oculta.
if(VISIB_FICHA == 1)
then
	-- Está cargado el control, primero se muestra (por si no lo estuviera)
	-- y después lo inicia, por si se hicieron cambios en él y debe refrescarse.
	if(fichacontainer ~= nil)
	then
		fichacontainer:show()
	end
	initFichaUI()
else 
	if(fichacontainer ~= nil)
	then
		fichacontainer:hide()
	end
end</script>
                <eventHandlerList/>
                <Script isActive="yes" isFolder="no">
                    <name>FichaEvent</name>
                    <packageName></packageName>
                    <script>-- Función que ajusta los valores de la ficha del jugador (Nombre, nivel, clase...)
function FichaEvent()
	nombre = gmcp.Char.Ficha.nombre
	clase = gmcp.Char.Ficha.clase

	-- Nivel.
	if(gmcp.Char.Ficha.nivel ~= nil)
	then
		nivel = gmcp.Char.Ficha.nivel
		etiqueta(ficha_nivelLabel, 2, &quot;Nivel&quot;, nivel, false, 0)
	end

	ficha_nombreLabel:echo(string.upper(nombre))
	etiqueta(ficha_claseLabel, 3, &quot;Clase&quot;, string.title(clase), false, 0)
end</script>
                    <eventHandlerList>
                        <string>gmcp.Char.Ficha</string>
                    </eventHandlerList>
                </Script>
                <Script isActive="yes" isFolder="no">
                    <name>StatsEvent</name>
                    <packageName></packageName>
                    <script>-- Función que ajusta los valores de las características de la ficha (fue, con...)
-- Tras actualizar cada valor, reinicia la variable correspondiente GMCP.
-- Esto se hace para evitar que una vez que se actualice un tipo de dato,
-- se siga actualizando siempre que se ejecute el evento, debido a que
-- se mantiene el valor de las variables GMCP entre llamadas.
function StatsEvent()
	-- Fuerza.
	if(gmcp.Char.Stats.fue ~= nil)
	then
		fue = gmcp.Char.Stats.fue
		etiqueta(ficha_fueLabel, 6, &quot;Fue&quot;, fue .. (fue_extrema ~= nil and fue_extrema ~= 0 and &quot;/&quot; .. fue_extrema or &quot;&quot;), false, 1)
	end

	-- Fuerza Extrema.
	if(gmcp.Char.Stats.extrema ~= nil)
	then
		fue_extrema = gmcp.Char.Stats.extrema
		etiqueta(ficha_fueLabel, 6, &quot;Fue&quot;, fue .. (fue_extrema ~= nil and fue_extrema ~= 0 and &quot;/&quot; .. fue_extrema or &quot;&quot;), false, 1)
	end

	-- Constitución.
	if(gmcp.Char.Stats.con ~= nil)
	then
		con = gmcp.Char.Stats.con
		etiqueta(ficha_conLabel, 6, &quot;Con&quot;, con, false, 2)
	end
	
	-- Destreza.
	if(gmcp.Char.Stats.des ~= nil)
	then
		des = gmcp.Char.Stats.des
		etiqueta(ficha_desLabel, 7, &quot;Des&quot;, des, false, 1)
	end

	-- Inteligencia.
	if(gmcp.Char.Stats.int ~= nil)
	then
		int = gmcp.Char.Stats.int
		etiqueta(ficha_intLabel, 7, &quot;Int&quot;, int, false, 2)
	end	

	-- Sabiduría.
	if(gmcp.Char.Stats.sab ~= nil)
	then
		sab = gmcp.Char.Stats.sab
		etiqueta(ficha_sabLabel, 8, &quot;Sab&quot;, sab, false, 1)
	end	

	-- Carisma.
	if(gmcp.Char.Stats.car ~= nil)
	then
		car = gmcp.Char.Stats.car
		etiqueta(ficha_carLabel, 8, &quot;Car&quot;, car, false, 2)
	end	

	-- Constitución Origen.
	if(gmcp.Char.Stats.con_origen ~= nil)
	then
		con_origen = gmcp.Char.Stats.con_origen
		etiqueta(ficha_conOrigenLabel, 9, &quot;Con.Orig.&quot;, con_origen, false, 0)
	end	

	-- Reinicia la variable gmcp.
	gmcp.Char.Stats = nil
end</script>
                    <eventHandlerList>
                        <string>gmcp.Char.Stats</string>
                    </eventHandlerList>
                </Script>
            </ScriptGroup>
            <ScriptGroup isActive="yes" isFolder="yes">
                <name>StatusUI</name>
                <packageName></packageName>
                <script>-------------------------------------------------
--              DiscWorld Status UI            --
--                 version 0.1.1               --
--         For DiscWorld MUD on MUDlet         --
--            Using GMCP.Char.Vitals           --
--              hp, gp, xp, burden             --
--     This script is in the Public Domain     --
-------------------------------------------------
-- These variables can be used to easily change many aspects of the plugin.
-- This should be relatively easy even for people with no Lua/scripting experience.
HIDE_XPRATE   = 1 -- Set to 1 to hide the XP/Hour bar
BOTTOMALIGN   = 0 -- Set to 1 to align to bottom
SCROLLBARWIDTH= 15 -- Width of you scrollbar ADAPT TO SYSTEM.
MAXXP         = 2500000 -- Amount of maximum XP for the XP bar.
BARHEIGHT     = 20  -- Height of the bars
BARYMARGIN    = 10 -- Vertical spacing between bars
STATUSY       = STATUSY -- Y coordinate of the statuscontainer that holds everything else
STATUSBORDER  = 2 -- Thickness of the border around that surrounds the bars.
STATUSMARGIN  = 2 -- Size of the margin that surrounds the border.
STATUSPADDING = 4 -- Size of the padding that sits between border and bars.
STATUSSPACE   = (STATUSBORDER + STATUSMARGIN + STATUSPADDING) -- DON'T CHANGE Total space between bars and outer edge of the statuscontainer calculated from other values. If you've read this you'll know whether you can safely change this.
BARWIDTH      = BORDE_IZQUIERDO - STATUSSPACE * 2 -- Width of the bars
STATUSWIDTH   = BORDE_IZQUIERDO -- DON'T CHANGE Width of the statuscontainer automatically calculated from other values.  If you've read this you'll know whether you can safely change this.
--STATUSX       = -1 * (STATUSWIDTH + SCROLLBARWIDTH) -- X coordinate of the statuscontainer within its parent window
STATUSX       = 0
BARX          = STATUSSPACE -- X coordinate of the bars within the statuscontainer.
GRADIENT = {}
GRADIENT.RED = {}
GRADIENT.YELLOW = {}
GRADIENT.GREEN = {}
GRADIENT.YELLOWGREEN = {}
GRADIENT.BLUE = {}
GRADIENT.RED.FRONT = {&quot;f04141&quot;, &quot;ef2929&quot;, &quot;cc0000&quot;, &quot;a40000&quot;}
GRADIENT.RED.BACK = {&quot;bd3333&quot;, &quot;bd2020&quot;, &quot;990000&quot;, &quot;700000&quot;}
GRADIENT.YELLOW.FRONT = {&quot;f0f041&quot;, &quot;f0f029&quot;, &quot;cccc00&quot;, &quot;a3a300&quot;}
GRADIENT.YELLOW.BACK = {&quot;bdbd33&quot;, &quot;bdbd20&quot;, &quot;999900&quot;, &quot;707000&quot;}
GRADIENT.GREEN.FRONT = {&quot;41f041&quot;, &quot;29ef29&quot;, &quot;00cc00&quot;, &quot;00a400&quot;}
GRADIENT.GREEN.BACK = {&quot;33bd33&quot;, &quot;20bd20&quot;, &quot;009900&quot;, &quot;007000&quot;}
GRADIENT.YELLOWGREEN.FRONT = {&quot;98f041&quot;, &quot;8cf029&quot;, &quot;66cc00&quot;, &quot;52a300&quot;}
GRADIENT.YELLOWGREEN.BACK = {&quot;78bd33&quot;, &quot;6ebd20&quot;, &quot;4c9900&quot;, &quot;387000&quot;}
GRADIENT.BLUE.FRONT = {&quot;4141f0&quot;, &quot;2929ef&quot;, &quot;0000cc&quot;, &quot;0000a4&quot;}
GRADIENT.BLUE.BACK = {&quot;3333bd&quot;, &quot;2020bd&quot;, &quot;000099&quot;, &quot;000070&quot;}
function BARY(increment)
  increment = increment or 1
  barcount = barcount + increment
  return (BARYMARGIN + BARHEIGHT) * (barcount - 1) + STATUSSPACE
end

function initStatusUI()
  contenedorStatus = Geyser.Container:new({ name = &quot;ContenedorStatus&quot; })
  estiloStatus = Geyser.Label:new({name = &quot;EstiloStatus&quot;}, contenedorStatus)
  estiloStatus:setStyleSheet(
    [[background: black;
      border-width:    ]] .. STATUSBORDER .. [[px;
      border-color: white;
      border-style: solid;
      padding:         ]] .. STATUSPADDING .. [[px;
      margin:          ]] .. STATUSMARGIN .. [[px;
      border-radius: 10;]])

	barcount = 0

  -- Reorder createStatusBar lines to reorder the bars in the interface
  hpBar = createStatusBar(hpBar,{name = &quot;hpBar&quot;}, contenedorStatus)
  gpBar = createStatusBar(gpBar,{name = &quot;gpBar&quot;}, contenedorStatus)
  xpBar = createStatusBar(xpBar,{name = &quot;xpBar&quot;}, contenedorStatus)

  styleStatusBar(hpBar, GRADIENT.RED)
  hpBar:setValue(100, 100, &quot;HP: ...&quot;)
  styleStatusBar(gpBar, GRADIENT.YELLOW)
  gpBar:setValue(100, 100, &quot;PE: ...&quot;)
  styleStatusBar(xpBar, GRADIENT.GREEN)
  xpBar:setValue(100, 100, &quot;XP: ...&quot;)
  styleStatusBar(xrBar, GRADIENT.YELLOWGREEN)

  contenedorStatus:set_constraints({
		x = STATUS_X,
		y = STATUS_Y,
		width = STATUS_WIDTH,
		height = STATUS_HEIGHT
	})
  estiloStatus:set_constraints({x = 0, y = 0, width = &quot;100%&quot;, height = &quot;100%&quot;})
end	

function createStatusBar(ref, cons, contenedor)
  -- Set default parameters if they were not passed
  cons = cons or {}
  cons.x = cons.x or BARX
  cons.y = cons.y or BARY()
  cons.width = cons.width or BARWIDTH
  cons.height = cons.height or BARHEIGHT
  ref = ref or Geyser.Gauge:new(cons, contenedor) -- create new Gauge if ref == nil
  -- Update fields one by one, calling ref:set_constraints(cons) didn't work. This is probably due to the peculiarities of Lua referencing.
  ref.x = cons.x
  ref.y = cons.y
  ref.width = cons.width
  ref.height = cons.height
  return ref
end

function styleStatusBar(bar, gradient)
  if bar == nil then return end -- Don't do anything when the bar is disabled/hidden.
  -- This style is an adaption of the MUDlet Wiki example on styling Geyser Gauges
  -- I adapted paddings specifically so that the text from Gauge.front and Gauge.back seamlessly blends.
  -- If you change the style this may have to be retweaked.
  bar.front:setStyleSheet([[background-color: QLinearGradient( x1: 0, y1: 0, x2: 0, y2: 1, stop: 0 #]] .. gradient.FRONT[1] .. [[, stop: 0.1 #]] .. gradient.FRONT[2] .. [[, stop: 0.49 #]] .. gradient.FRONT[3] .. [[, stop: 0.5 #]] .. gradient.FRONT[4] .. [[, stop: 1 #]] .. gradient.FRONT[3] .. [[);
    border-top: 1px black solid;
    border-left: 1px black solid;
    border-bottom: 1px black solid;
    border-radius: 7;
    padding: 1px;
    padding-right: 0px;]])
  bar.back:setStyleSheet([[background-color: QLinearGradient( x1: 0, y1: 0, x2: 0, y2: 1, stop: 0 #]] .. gradient.BACK[1] .. [[, stop: 0.1 #]] .. gradient.BACK[2] .. [[, stop: 0.49 #]] .. gradient.BACK[3] .. [[, stop: 0.5 #]] .. gradient.BACK[4] .. [[, stop: 1 #]] .. gradient.BACK[3] .. [[);
    border-width: 1px;
    border-color: black;
    border-style: solid;
    border-radius: 7;
    padding: 1px;
    padding-left: 0px;]])
end

function alignY()
  return fichacontainer.get_height() + 1
  -- Código para alinear abajo de la ventana, lo dejo por si lo reutilizo.
  --if BOTTOMALIGN and BOTTOMALIGN == 1
  --then
    --return (-1) * (BARY(0) + 2 * STATUSSPACE)
  --else
    --return STATUSY
  --end
end

	-- Se indica que debe mostrarse el control.
	-- Si no se debe ver, y está en pantalla, se oculta.
if(VISIB_STATUS == 1)
then
	-- Está cargado el control, primero se muestra (por si no lo estuviera)
	-- y después lo inicia, por si se hicieron cambios en él y debe refrescarse.
	if(statuscontainer ~= nil)
	then
		statuscontainer:show()
	end
	initStatusUI()
else 
	if(statuscontainer ~= nil)
	then
		statuscontainer:hide()
	end
end
</script>
                <eventHandlerList/>
                <Script isActive="yes" isFolder="no">
                    <name>StatusEvent</name>
                    <packageName></packageName>
                    <script>-- Función que ajusta los valores de las barras de vida/energía/experiencia.
-- Tras actualizar cada valor, reinicia la variable correspondiente GMCP.
-- Esto se hace para evitar que una vez que se actualice un tipo de dato,
-- se siga actualizando siempre que se ejecute el evento, debido a que
-- se mantiene el valor de las variables GMCP entre llamadas.
function StatusEvent()
	-- PVS
	if(gmcp.Char.Status.pvs ~= nil)
	then
		hp = gmcp.Char.Status.pvs.min or hp
		hp_max = gmcp.Char.Status.pvs.max or hp_max

		hpBar:setValue(hp &gt; hp_max and hp_max or hp, hp_max, &quot;HP: &quot; .. hp .. &quot; / &quot; .. hp_max)
	end

	-- PE.
	if(gmcp.Char.Status.pe ~= nil)
	then
		pe = gmcp.Char.Status.pe.min or pe
		pe_max = gmcp.Char.Status.pe.max or pe_max

		gpBar:setValue(pe &gt; pe_max and pe_max or pe, pe_max, &quot;PE: &quot; .. pe .. &quot; / &quot; .. pe_max)
	end

	-- XP.
	if(gmcp.Char.Status.xp ~= nil)
	then
		xp = gmcp.Char.Status.xp.min or xp
		xp_max = gmcp.Char.Status.xp.max or xp_max

		xpBar:setValue(xp &gt; xp_max and xp_max or xp, xp_max, &quot;XP: &quot; .. xp .. &quot; / &quot; .. xp_max)
	end

	-- Reinicia la variable gmcp.
	gmcp.Char.Status = nil
end</script>
                    <eventHandlerList>
                        <string>gmcp.Char.Status</string>
                    </eventHandlerList>
                </Script>
            </ScriptGroup>
            <ScriptGroup isActive="yes" isFolder="yes">
                <name>ImgLeft</name>
                <packageName></packageName>
                <script>	-- Función que crea el control de imagen.
function initImgLeftUI()
	imagenIzquierda = imagenIzquierda or Geyser.Label:new({
		name = &quot;imagenIzquierda&quot;
	})

	imagenIzquierda:move(IMG_LEFT_X, IMG_LEFT_Y)
	imagenIzquierda:resize(IMG_LEFT_WIDTH, IMG_LEFT_HEIGHT)

	-- Se ajusta la imagen al tamaño adecuado.	
	imagenIzquierda:setStyleSheet([[
		border-image : url(&quot;]] .. ROOT .. [[img/img-left.png&quot;);
	]])
end


	-- Se indica que debe mostrarse el control.
	-- Si no se debe ver, y está en pantalla, se oculta.
if(VISIB_IMG_LEFT == 1)
then
	-- Está cargado el control, primero se muestra (por si no lo estuviera)
	-- y después lo inicia, por si se hicieron cambios en él y debe refrescarse.
	if(imagenIzquierda ~= nil)
	then
		imagenIzquierda:show()
	end
	initImgLeftUI()
else 
	if(imagenIzquierda ~= nil)
	then
		imagenIzquierda:hide()
	end
end
</script>
                <eventHandlerList/>
            </ScriptGroup>
            <ScriptGroup isActive="yes" isFolder="yes">
                <name>ImgRight</name>
                <packageName></packageName>
                <script>	-- Función que crea el control de imagen.
function initImgRightUI()
	imagenDerecha = imagenDerecha or Geyser.Label:new({
		name = &quot;imagenDerecha&quot;
	})

	imagenDerecha:move(IMG_RIGHT_X, IMG_RIGHT_Y)
	imagenDerecha:resize(IMG_RIGHT_WIDTH, IMG_RIGHT_HEIGHT)

	-- Se ajusta la imagen al tamaño adecuado.	
	imagenDerecha:setStyleSheet([[
		border-image : url(&quot;]] .. ROOT .. [[img/img-right.png&quot;);
	]])
end

	-- Se indica que debe mostrarse el control.
	-- Si no se debe ver, y está en pantalla, se oculta.
if(VISIB_IMG_RIGHT == 1)
then
	-- Está cargado el control, primero se muestra (por si no lo estuviera)
	-- y después lo inicia, por si se hicieron cambios en él y debe refrescarse.
	if(imagenDerecha ~= nil)
	then
		imagenDerecha:show()
	end
	initImgRightUI()
else 
	if(imagenDerecha ~= nil)
	then
		imagenDerecha:hide()
	end
end</script>
                <eventHandlerList/>
            </ScriptGroup>
            <ScriptGroup isActive="yes" isFolder="yes">
                <name>Canales</name>
                <packageName></packageName>
                <script>	-- Información global sobre el panel tabulado.
	canales = canales or {
		tabs = {},
		color1 = &quot;navy&quot;,
		color2 = &quot;rgb(0,0,0)&quot;,
		colorHighLight = &quot;firebrick&quot;,
		width = CANALES_WIDTH,
		height = CANALES_HEIGHT,
		current = nil,
	}

	-- Función que reposiciona los canales. Necesario al ocultar alguno.
	-- Sobrecarga la función 'reposition' del panel de canales, por lo que cada vez que se tenga que redibujar
	-- pasará por aquí.
function reposicionaCanales()
	local elementos = 0
	local pos = 0

	for canal in pairs(canales.tabs)
	do
		if(canales[canal .. &quot;tab&quot;].hidden == false)
		then
			elementos = elementos + 1
		end
	end

	-- Recorre los canales ordenados por nombre.
	for canal, _ in pairsOrdenadosValor(canales.tabs)
	do
		-- Se ignoran las pestañas ocultas.
		if(canales[canal .. &quot;tab&quot;].hidden == false)
		then
			canales[canal..&quot;tab&quot;]:move(pos, canales.header.get_y())
			canales[canal..&quot;tab&quot;]:resize(CANALES_WIDTH / elementos, canales.header.get_height())
			pos = pos + CANALES_WIDTH / elementos
		end
	end
end

	-- Función que crea el control de imagen.
function initCanalesUI()
	-- Contenedor para el panel tabulado.
	canales.container = Geyser.Container:new({
		name = &quot;canales.back&quot;,
		x = CANALES_X,
		y = CANALES_Y,
		width = canales.width,
		height = canales.height,
	})

	-- Cabecera del panel.
	canales.header = Geyser.HBox:new({
		name = &quot;canales.header&quot;,
		x = 0,
		y = 0,
		width = &quot;100%&quot;,
		height = &quot;15%&quot;,
	}, canales.container)

		-- Cambia el modo de dibujado de las pestañas del panel de pestañas, para que se orden por nombre de canal,
		-- en lugar de por su clave (Por lo general será igual, pero en canales especiales (los de grupo, desafíos, etc.)
		-- no tienen por qué coincidir.
	canales.header.reposition = reposicionaCanales

	-- Pie del panel.
	canales.footer = Geyser.Label:new({
		name = &quot;canales.footer&quot;,
		x = 0,
		y = &quot;15%&quot;,
		width = &quot;100%&quot;,
		height = &quot;85%&quot;,
	}, canales.container)
	-- Se colorea el label de pie con el color 1 indicado para el panel.
	canales.footer:setStyleSheet([[
		background-color: ]]..canales.color1..[[;
		border-bottom-left-radius: 10px;
		border-bottom-right-radius: 10px;
	]])

	-- Label para la zona central del panel.
	canales.center = Geyser.Label:new({
		name = &quot;canales.center&quot;,
		x = &quot;1%&quot;,
		y = &quot;1%&quot;,
		width = &quot;98%&quot;,
		height = &quot;98%&quot;
	}, canales.footer)
	canales.center:setStyleSheet([[
		background-color: ]]..canales.color2..[[;
		border-radius: 10px;
		margin: 5px;
	]])
end

	-- Se indica que debe mostrarse el control.
	-- Si no se debe ver, y está en pantalla, se oculta.
if(VISIB_CANALES == 1)
then
	-- Está cargado el control, lo muestra (por si no lo estuviera)
	if(canales.container ~= nil)
	then
		canales.container:show()
	end
	initCanalesUI()
else 
	if(canales.container ~= nil)
	then
		canales.container:hide()
	end
end

	-- Función que activa un canal.
function activaCanal(canal)
	-- Inactiva el canal actual.
	if(canales.current ~= nil)
	then
		canales[canales.current]:hide()
		canales[canales.current..&quot;tab&quot;]:setStyleSheet([[
			background-color: ]]..canales.color1..[[;
			border-top-left-radius: 10px;
		   	border-top-right-radius: 10px;
			  margin-right: 1px;
			  margin-left: 1px;
			qproperty-wordWrap: true;
		]])
		canales[canales.current..&quot;tab&quot;]:echo(canales.current, &quot;white&quot;, &quot;7&quot;)
	end

	-- Activa la pestaña del nuevo canal.
	canales.current = canal
	canales[canal]:show()

	-- Se pone el título de la pestaña de color blanco, por si estaba
	-- marcado como con texto pendiente de leer.
	canales[canal .. &quot;tab&quot;]:setStyleSheet([[
		background-color: ]]..canales.colorHighLight..[[;
		border-top-left-radius: 10px;
   		border-top-right-radius: 10px;
	   margin-right: 1px;
	   margin-left: 1px;
		qproperty-wordWrap: true;
	]])
	canales[canal .. &quot;tab&quot;]:echo(canales.tabs[canal], &quot;white&quot;, &quot;8&quot;)
end

	-- Callback ejecutado al pulsar sobre las pestañas.
function canales.click(tab)
	if(tab ~= canales.current)
	then
		activaCanal(tab)
	end
end

--clearWindow(&quot;canales.Chatminiconsola&quot;)
--cecho(&quot;canales.Chatminiconsola&quot;, Geyser.MiniConsole.fontSize .. &quot;&lt;green&gt;ab ab ab ab ab ab ab ab ab ab ab ab ab aba bab aba ba ba ba ab aba ba bad.&quot;)
--clearWindow(&quot;canales.Ciudadminiconsola&quot;)
--cecho(&quot;canales.Ciudadminiconsola&quot;, &quot;hola\nhola&quot;)

	-- Función que añade una pestaña al panel de canales.
function nuevoCanal(canal, nombre, activar)
	local elementos = cuentaElementos(canales.tabs)
	local nuevo

	-- Se añade el canal a la lista.
	if(buscaEnTabla(canales.tabs, canal) == nil)
	then
		canales.tabs[canal] = nombre
		nuevo = true
	end

	-- Crea la pestaña si no existe.
	canales[canal..&quot;tab&quot;] = canales[canal..&quot;tab&quot;] or Geyser.Label:new({
		name = &quot;canales.&quot;..canal..&quot;tab&quot;
	})

	-- Añade la pestaña al panel de pestañas.
	canales.header:add(canales[canal..&quot;tab&quot;])

	-- Configura el estilo de las pestañas.
	canales[canal..&quot;tab&quot;]:setStyleSheet([[
		background-color: ]].. ((activar == true or elementos == 0) and canales.colorHighLight or canales.color1) ..[[;
		border-top-left-radius: 10px;
   		border-top-right-radius: 10px;
	   margin-right: 1px;
	   margin-left: 1px;
		qproperty-wordWrap: true;
		qproperty-alignment: 'AlignCenter';
  ]])

	-- Nombre de la pestañas.
	canales[canal..&quot;tab&quot;]:echo(nombre, &quot;white&quot;, (activar == true or elementos == 0 or canales.current == canal) and 8 or 7)

	-- Se configura el callback para clickear cada pestaña.
	canales[canal..&quot;tab&quot;]:setClickCallback(&quot;canales.click&quot;, canal)

	-- Ventana a mostrar al pulsar cada pestaña.
		-- Ventana 1, con bordes redondeados.
	canales[canal] = canales[canal] or Geyser.Label:new({
		name = &quot;canales.&quot;..canal,
		x = 0,
		y = 0,
		width = &quot;100%&quot;,
		height = &quot;100%&quot;
	 }, canales.center)

		-- Estilo de la ventana.
	canales[canal]:setStyleSheet([[
		background-color: ]]..canales.color1..[[;
		border-bottom-left-radius: 10px;
		border-bottom-right-radius: 10px;
	]])

		-- Miniconsola donde mostrar los textos.
	canales[canal..&quot;miniconsola&quot;] = canales[canal..&quot;miniconsola&quot;] or Geyser.MiniConsole:new({
		name = &quot;canales.&quot; .. canal .. &quot;miniconsola&quot;,
		x = 0,
		y = 0,
		width = &quot;100%&quot;,
		height = &quot;100%&quot;,
	}, canales[canal])

	canales[canal..&quot;miniconsola&quot;]:setColor(&quot;black&quot;)
	canales[canal..&quot;miniconsola&quot;]:setFontSize(8)

	setWindowWrap(canales[canal..&quot;miniconsola&quot;].name, 56)
	clearWindow(canales[canal..&quot;miniconsola&quot;].name)

	-- Si no se indica que active el canal, lo oculta, salvo que sea
	-- el único canal de la lista.
	if(activar == true)
	then
		activaCanal(canal)
	else
		canales[canal]:hide()
	end

	-- Hace visible la pestaña del canal si no lo estuviera.
	canales[canal..&quot;tab&quot;]:show()
end

	-- Función que quita una pestaña del panel de canales.
function quitaCanal(canal)
	-- El canal debe estar añadido a la lista.
	if(canales.tabs[canal] == nil)
	then
		return;
	end

	-- Si es la pestaña activa, se muestra la anterior (si la hay).
	if(canal == canales.current)
	then
		local elementos = cuentaElementos(canales.tabs)
		local nueva_clave = nil
		local nuevo_canal = nil
		local tmp = {}

		-- Prepara una tabla temporal con los valores del diccionario dado.
		for clave, _ in pairsOrdenadosValor(canales.tabs)
		do 
			table.insert(tmp, clave)
		end

		nueva_clave = buscaEnTabla(tmp, canal)

		-- Hay una pestaña anterior.
		if(nueva_clave &gt; 1)
		then
			nuevo_canal = tmp[nueva_clave - 1]

		-- No hay pestaña anterior, pero sí posterior.
		elseif(nueva_clave &lt; elementos)
		then
			nuevo_canal = tmp[nueva_clave + 1]
		end

		-- Hay un canal que activar.
		if(nuevo_canal ~= nil)
		then
			activaCanal(nuevo_canal)
		end
	end

	-- Oculta la pestaña y sus hijas.
	canales[canal..&quot;tab&quot;]:hide();
end	</script>
                <eventHandlerList/>
                <Script isActive="yes" isFolder="no">
                    <name>CanalesEvent</name>
                    <packageName></packageName>
                    <script>-- Función que recibe la lista de canales que tiene abierto el jugador y añade una pestaña por canal en la zona de canales.
function CanalesEvent()
	local lista = {}

	-- Inserta los canales conocidos en el mapping.
	for canal, nombre in pairsOrdenadosValor(gmcp.Comm.Canales)
	do
		nuevoCanal(canal, nombre, false)
		table.insert(lista, canal)
	end

	-- Oculta los canales que estuvieran abiertos y NO se hayan indicado en el evento GMCP.
	for canal in pairs(canales.tabs)
	do
		if(table.contains(lista, canal) == false)
		then
			quitaCanal(canal)
		end
	end

	-- Activa el primer canal de la lista.
	activaCanal(lista[1])
end</script>
                    <eventHandlerList>
                        <string>gmcp.Comm.Canales</string>
                    </eventHandlerList>
                </Script>
                <Script isActive="yes" isFolder="no">
                    <name>MensajeCanalEvent</name>
                    <packageName></packageName>
                    <script>-- Función que escribe un mensaje en la miniventana del canal asociado.
function MensajeCanalEvent()
	--local canal = base64_dec(gmcp.Comm.MensajeCanal.canal)
	local canal = gmcp.Comm.MensajeCanal.canal
	local ventana = &quot;canales.&quot; .. canal .. &quot;miniconsola&quot;
	--local mensaje = base64_dec(gmcp.Comm.MensajeCanal.mensaje)
	local mensaje = gmcp.Comm.MensajeCanal.mensaje .. &quot;áéíóúñÑ&quot;

	-- Se escribe el texto en la ventana del canal simulando un trigger sobre dicha ventana.
	feedTriggers(mensaje .. string.format(&quot;%c[0m&quot;,27) .. &quot;\n&quot;, ventana)

	-- Se cambia el título de la pestaña para indicar que tiene mensajes.
	if(canales.current ~= canal)
	then
		canales[canal..&quot;tab&quot;]:echo(canales.tabs[canal], &quot;red&quot;, &quot;8&quot;)

		-- Parpadea la pestaña para indicar que llega un mensaje (de este modo,
		-- aún teniendo mensajes pendientes (Color rojo), se sabrá que siguen llegando
		-- mensajes nuevos.
		canales[canal .. &quot;tab&quot;]:flash(1.0)
	end
end</script>
                    <eventHandlerList>
                        <string>gmcp.Comm.MensajeCanal</string>
                    </eventHandlerList>
                </Script>
                <Script isActive="yes" isFolder="no">
                    <name>EnciendeCanalEvent</name>
                    <packageName></packageName>
                    <script>-- Al abrirse un canal, se añade al panel de canales.
function EnciendeCanalEvent()
	--local canal = base64_dec(gmcp.Comm.EnciendeCanal.canal)
	local canal = gmcp.Comm.EnciendeCanal.canal

	-- Añade el canal y lo marca como activo.
	nuevoCanal(canal, canal, true)
end
</script>
                    <eventHandlerList>
                        <string>gmcp.Comm.EnciendeCanal</string>
                    </eventHandlerList>
                </Script>
                <Script isActive="yes" isFolder="no">
                    <name>ApagaCanalEvent</name>
                    <packageName></packageName>
                    <script>-- Al apagarse un canal, se quita del panel de canales.
function ApagaCanalEvent()
--	local canal = base64_dec(gmcp.Comm.ApagaCanal.canal)
	local canal = gmcp.Comm.ApagaCanal.canal

	-- Quita el canal de la lista de canales.
	quitaCanal(canal)
end</script>
                    <eventHandlerList>
                        <string>gmcp.Comm.ApagaCanal</string>
                    </eventHandlerList>
                </Script>
            </ScriptGroup>
            <Script isActive="yes" isFolder="no">
                <name>ResizeWindow</name>
                <packageName></packageName>
                <script>-- Función que reajusta los controles al cambiar el tamaño de la pantalla principal.
function ResizeWindow()
	-- Establece el número de columnas de la ventana principal (Para que aplique correctamente el wrap)
	setWindowWrap( &quot;main&quot;, getColumns() )

	-- Notifica al MUD los nuevos números de filas y columnas de la consola principal.
	sendGMCP(&quot;Core.Supports.Configuration { \&quot;rows\&quot; : &quot; .. getRows() .. &quot;, \&quot;cols\&quot; : &quot; .. getColumns() .. &quot; }&quot;)

	-- Reajusta los controles que puedan variar de tamaño.
	WIDTH, HEIGHT = getMainWindowSize()
	if(VISIB_FICHA == 1)
	then
--		initFichaUI()
	end

	if(VISIB_STATUS == 1 and contenedorStatus == nil)
	then
--		initStatusUI()
	end

	if(VISIB_IMG_LEFT == 1)
	then
		IMG_LEFT_HEIGHT = HEIGHT - IMG_LEFT_Y
		initImgLeftUI()
	end

	if(VISIB_IMG_RIGHT == 1)
	then
		IMG_RIGHT_HEIGHT = HEIGHT - IMG_RIGHT_Y
		initImgRightUI()
	end
	
	if(VISIB_CANALES == 1)
	then
		--initCanalesUI()
	end
end</script>
                <eventHandlerList>
                    <string>sysWindowResizeEvent</string>
                </eventHandlerList>
            </Script>
        </ScriptGroup>
    </ScriptPackage>
    <KeyPackage/>
</MudletPackage>
